{"cameraMode":{"drawMode":0,"name":"Shaded","section":"Shading Mode"},"sceneLighting":false,"audioPlay":false,"sceneViewState":{"m_AlwaysRefresh":false,"showFog":true,"showSkybox":true,"showFlares":true,"showImageEffects":true,"showParticleSystems":true,"showVisualEffectGraphs":true,"m_FxEnabled":true},"in2DMode":false,"pivot":{"x":20.68383026123047,"y":8.210460662841797,"z":-10.269268035888672},"rotation":{"x":-0.10017131268978119,"y":-0.09595078974962235,"z":0.009701685048639775,"w":-0.9903038144111633},"size":12.12435531616211,"orthographic":false}