{"cameraMode":{"drawMode":0,"name":"Shaded","section":"Shading Mode"},"sceneLighting":false,"audioPlay":false,"sceneViewState":{"m_AlwaysRefresh":false,"showFog":false,"showSkybox":false,"showFlares":false,"showImageEffects":false,"showParticleSystems":false,"showVisualEffectGraphs":true,"m_FxEnabled":true},"in2DMode":false,"pivot":{"x":0.019718382507562639,"y":0.695322573184967,"z":0.12728817760944367},"rotation":{"x":-0.043120987713336948,"y":0.9568199515342712,"z":-0.2087550014257431,"w":-0.19764484465122224},"size":0.6329834461212158,"orthographic":false}